company_name,responsible_name,email,phone,commercial_register
Amazing Company 1,Mohammed Ahmad 1,company_test_1@diems.com,0934936001,CR99881
Amazing Company 2,Mohammed Ahmad 2,company_test_2@diems.com,0934936002,CR99882
Amazing Company 3,Mohammed Ahmad 3,company_test_3@diems.com,0934936003,CR99883
Amazing Company 4,Mohammed Ahmad 4,company_test_4@diems.com,0934936004,CR99884
Amazing Company 5,Mohammed Ahmad 5,company_test_5@diems.com,0934936005,CR99885
Amazing Company 6,Mohammed Ahmad 6,company_test_6@diems.com,0934936006,CR99886
Amazing Company 7,Mohammed Ahmad 7,company_test_7@diems.com,0934936007,CR99887
Amazing Company 8,Mohammed Ahmad 8,company_test_8@diems.com,0934936008,CR99888
Amazing Company 9,Mohammed Ahmad 9,company_test_9@diems.com,0934936009,CR99889
Amazing Company 10,Mohammed Ahmad 10,company_test_10@diems.com,0934936010,CR998810
Amazing Company 11,Mohammed Ahmad 11,company_test_11@diems.com,0934936011,CR998811
Amazing Company 12,Mohammed Ahmad 12,company_test_12@diems.com,0934936012,CR998812
Amazing Company 13,Mohammed Ahmad 13,company_test_13@diems.com,0934936013,CR998813
Amazing Company 14,Mohammed Ahmad 14,company_test_14@diems.com,0934936014,CR998814
Amazing Company 15,Mohammed Ahmad 15,company_test_15@diems.com,0934936015,CR998815
Amazing Company 16,Mohammed Ahmad 16,company_test_16@diems.com,0934936016,CR998816
Amazing Company 17,Mohammed Ahmad 17,company_test_17@diems.com,0934936017,CR998817
Amazing Company 18,Mohammed Ahmad 18,company_test_18@diems.com,0934936018,CR998818
Amazing Company 19,Mohammed Ahmad 19,company_test_19@diems.com,0934936019,CR998819
Amazing Company 20,Mohammed Ahmad 20,company_test_20@diems.com,0934936020,CR998820
Amazing Company 21,Mohammed Ahmad 21,company_test_21@diems.com,0934936021,CR998821
Amazing Company 22,Mohammed Ahmad 22,company_test_22@diems.com,0934936022,CR998822
Amazing Company 23,Mohammed Ahmad 23,company_test_23@diems.com,0934936023,CR998823
Amazing Company 24,Mohammed Ahmad 24,company_test_24@diems.com,0934936024,CR998824
Amazing Company 25,Mohammed Ahmad 25,company_test_25@diems.com,0934936025,CR998825
Amazing Company 26,Mohammed Ahmad 26,company_test_26@diems.com,0934936026,CR998826
Amazing Company 27,Mohammed Ahmad 27,company_test_27@diems.com,0934936027,CR998827
Amazing Company 28,Mohammed Ahmad 28,company_test_28@diems.com,0934936028,CR998828
Amazing Company 29,Mohammed Ahmad 29,company_test_29@diems.com,0934936029,CR998829
Amazing Company 30,Mohammed Ahmad 30,company_test_30@diems.com,0934936030,CR998830
Amazing Company 31,Mohammed Ahmad 31,company_test_31@diems.com,0934936031,CR998831
Amazing Company 32,Mohammed Ahmad 32,company_test_32@diems.com,0934936032,CR998832
Amazing Company 33,Mohammed Ahmad 33,company_test_33@diems.com,0934936033,CR998833
Amazing Company 34,Mohammed Ahmad 34,company_test_34@diems.com,0934936034,CR998834
Amazing Company 35,Mohammed Ahmad 35,company_test_35@diems.com,0934936035,CR998835
Amazing Company 36,Mohammed Ahmad 36,company_test_36@diems.com,0934936036,CR998836
Amazing Company 37,Mohammed Ahmad 37,company_test_37@diems.com,0934936037,CR998837
Amazing Company 38,Mohammed Ahmad 38,company_test_38@diems.com,0934936038,CR998838
Amazing Company 39,Mohammed Ahmad 39,company_test_39@diems.com,0934936039,CR998839
Amazing Company 40,Mohammed Ahmad 40,company_test_40@diems.com,0934936040,CR998840
Amazing Company 41,Mohammed Ahmad 41,company_test_41@diems.com,0934936041,CR998841
Amazing Company 42,Mohammed Ahmad 42,company_test_42@diems.com,0934936042,CR998842
Amazing Company 43,Mohammed Ahmad 43,company_test_43@diems.com,0934936043,CR998843
Amazing Company 44,Mohammed Ahmad 44,company_test_44@diems.com,0934936044,CR998844
Amazing Company 45,Mohammed Ahmad 45,company_test_45@diems.com,0934936045,CR998845
Amazing Company 46,Mohammed Ahmad 46,company_test_46@diems.com,0934936046,CR998846
Amazing Company 47,Mohammed Ahmad 47,company_test_47@diems.com,0934936047,CR998847
Amazing Company 48,Mohammed Ahmad 48,company_test_48@diems.com,0934936048,CR998848
Amazing Company 49,Mohammed Ahmad 49,company_test_49@diems.com,0934936049,CR998849
Amazing Company 50,Mohammed Ahmad 50,company_test_50@diems.com,0934936050,CR998850
Amazing Company 51,Mohammed Ahmad 51,company_test_51@diems.com,0934936051,CR998851
Amazing Company 52,Mohammed Ahmad 52,company_test_52@diems.com,0934936052,CR998852
Amazing Company 53,Mohammed Ahmad 53,company_test_53@diems.com,0934936053,CR998853
Amazing Company 54,Mohammed Ahmad 54,company_test_54@diems.com,0934936054,CR998854
Amazing Company 55,Mohammed Ahmad 55,company_test_55@diems.com,0934936055,CR998855
Amazing Company 56,Mohammed Ahmad 56,company_test_56@diems.com,0934936056,CR998856
Amazing Company 57,Mohammed Ahmad 57,company_test_57@diems.com,0934936057,CR998857
Amazing Company 58,Mohammed Ahmad 58,company_test_58@diems.com,0934936058,CR998858
Amazing Company 59,Mohammed Ahmad 59,company_test_59@diems.com,0934936059,CR998859
Amazing Company 60,Mohammed Ahmad 60,company_test_60@diems.com,0934936060,CR998860
Amazing Company 61,Mohammed Ahmad 61,company_test_61@diems.com,0934936061,CR998861
Amazing Company 62,Mohammed Ahmad 62,company_test_62@diems.com,0934936062,CR998862
Amazing Company 63,Mohammed Ahmad 63,company_test_63@diems.com,0934936063,CR998863
Amazing Company 64,Mohammed Ahmad 64,company_test_64@diems.com,0934936064,CR998864
Amazing Company 65,Mohammed Ahmad 65,company_test_65@diems.com,0934936065,CR998865
Amazing Company 66,Mohammed Ahmad 66,company_test_66@diems.com,0934936066,CR998866
Amazing Company 67,Mohammed Ahmad 67,company_test_67@diems.com,0934936067,CR998867
Amazing Company 68,Mohammed Ahmad 68,company_test_68@diems.com,0934936068,CR998868
Amazing Company 69,Mohammed Ahmad 69,company_test_69@diems.com,0934936069,CR998869
Amazing Company 70,Mohammed Ahmad 70,company_test_70@diems.com,0934936070,CR998870
Amazing Company 71,Mohammed Ahmad 71,company_test_71@diems.com,0934936071,CR998871
Amazing Company 72,Mohammed Ahmad 72,company_test_72@diems.com,0934936072,CR998872
Amazing Company 73,Mohammed Ahmad 73,company_test_73@diems.com,0934936073,CR998873
Amazing Company 74,Mohammed Ahmad 74,company_test_74@diems.com,0934936074,CR998874
Amazing Company 75,Mohammed Ahmad 75,company_test_75@diems.com,0934936075,CR998875
Amazing Company 76,Mohammed Ahmad 76,company_test_76@diems.com,0934936076,CR998876
Amazing Company 77,Mohammed Ahmad 77,company_test_77@diems.com,0934936077,CR998877
Amazing Company 78,Mohammed Ahmad 78,company_test_78@diems.com,0934936078,CR998878
Amazing Company 79,Mohammed Ahmad 79,company_test_79@diems.com,0934936079,CR998879
Amazing Company 80,Mohammed Ahmad 80,company_test_80@diems.com,0934936080,CR998880
Amazing Company 81,Mohammed Ahmad 81,company_test_81@diems.com,0934936081,CR998881
Amazing Company 82,Mohammed Ahmad 82,company_test_82@diems.com,0934936082,CR998882
Amazing Company 83,Mohammed Ahmad 83,company_test_83@diems.com,0934936083,CR998883
Amazing Company 84,Mohammed Ahmad 84,company_test_84@diems.com,0934936084,CR998884
Amazing Company 85,Mohammed Ahmad 85,company_test_85@diems.com,0934936085,CR998885
Amazing Company 86,Mohammed Ahmad 86,company_test_86@diems.com,0934936086,CR998886
Amazing Company 87,Mohammed Ahmad 87,company_test_87@diems.com,0934936087,CR998887
Amazing Company 88,Mohammed Ahmad 88,company_test_88@diems.com,0934936088,CR998888
Amazing Company 89,Mohammed Ahmad 89,company_test_89@diems.com,0934936089,CR998889
Amazing Company 90,Mohammed Ahmad 90,company_test_90@diems.com,0934936090,CR998890
Amazing Company 91,Mohammed Ahmad 91,company_test_91@diems.com,0934936091,CR998891
Amazing Company 92,Mohammed Ahmad 92,company_test_92@diems.com,0934936092,CR998892
Amazing Company 93,Mohammed Ahmad 93,company_test_93@diems.com,0934936093,CR998893
Amazing Company 94,Mohammed Ahmad 94,company_test_94@diems.com,0934936094,CR998894
Amazing Company 95,Mohammed Ahmad 95,company_test_95@diems.com,0934936095,CR998895
Amazing Company 96,Mohammed Ahmad 96,company_test_96@diems.com,0934936096,CR998896
Amazing Company 97,Mohammed Ahmad 97,company_test_97@diems.com,0934936097,CR998897
Amazing Company 98,Mohammed Ahmad 98,company_test_98@diems.com,0934936098,CR998898
Amazing Company 99,Mohammed Ahmad 99,company_test_99@diems.com,0934936099,CR998899
Amazing Company 100,Mohammed Ahmad 100,company_test_100@diems.com,0934936100,CR9988100
