slot_id,organizer_name,organizer_email,organizer_phone,event_title
1,Organizer 1,organizer_1@diems.com,0944936001,Event Title 1
2,Organizer 2,organizer_2@diems.com,0944936002,Event Title 2
3,Organizer 3,organizer_3@diems.com,0944936003,Event Title 3
4,Organizer 4,organizer_4@diems.com,0944936004,Event Title 4
5,Organizer 5,organizer_5@diems.com,0944936005,Event Title 5
6,Organizer 6,organizer_6@diems.com,0944936006,Event Title 6
7,Organizer 7,organizer_7@diems.com,0944936007,Event Title 7
8,Organizer 8,organizer_8@diems.com,0944936008,Event Title 8
9,Organizer 9,organizer_9@diems.com,0944936009,Event Title 9
10,Organizer 10,organizer_10@diems.com,0944936010,Event Title 10
11,Organizer 11,organizer_11@diems.com,0944936011,Event Title 11
12,Organizer 12,organizer_12@diems.com,0944936012,Event Title 12
13,Organizer 13,organizer_13@diems.com,0944936013,Event Title 13
14,Organizer 14,organizer_14@diems.com,0944936014,Event Title 14
15,Organizer 15,organizer_15@diems.com,0944936015,Event Title 15
16,Organizer 16,organizer_16@diems.com,0944936016,Event Title 16
17,Organizer 17,organizer_17@diems.com,0944936017,Event Title 17
18,Organizer 18,organizer_18@diems.com,0944936018,Event Title 18
19,Organizer 19,organizer_19@diems.com,0944936019,Event Title 19
20,Organizer 20,organizer_20@diems.com,0944936020,Event Title 20
21,Organizer 21,organizer_21@diems.com,0944936021,Event Title 21
22,Organizer 22,organizer_22@diems.com,0944936022,Event Title 22
23,Organizer 23,organizer_23@diems.com,0944936023,Event Title 23
24,Organizer 24,organizer_24@diems.com,0944936024,Event Title 24
25,Organizer 25,organizer_25@diems.com,0944936025,Event Title 25
26,Organizer 26,organizer_26@diems.com,0944936026,Event Title 26
27,Organizer 27,organizer_27@diems.com,0944936027,Event Title 27
28,Organizer 28,organizer_28@diems.com,0944936028,Event Title 28
29,Organizer 29,organizer_29@diems.com,0944936029,Event Title 29
30,Organizer 30,organizer_30@diems.com,0944936030,Event Title 30
31,Organizer 31,organizer_31@diems.com,0944936031,Event Title 31
32,Organizer 32,organizer_32@diems.com,0944936032,Event Title 32
33,Organizer 33,organizer_33@diems.com,0944936033,Event Title 33
34,Organizer 34,organizer_34@diems.com,0944936034,Event Title 34
35,Organizer 35,organizer_35@diems.com,0944936035,Event Title 35
36,Organizer 36,organizer_36@diems.com,0944936036,Event Title 36
37,Organizer 37,organizer_37@diems.com,0944936037,Event Title 37
38,Organizer 38,organizer_38@diems.com,0944936038,Event Title 38
39,Organizer 39,organizer_39@diems.com,0944936039,Event Title 39
40,Organizer 40,organizer_40@diems.com,0944936040,Event Title 40
41,Organizer 41,organizer_41@diems.com,0944936041,Event Title 41
1,Organizer 42,organizer_42@diems.com,0944936042,Event Title 42
2,Organizer 43,organizer_43@diems.com,0944936043,Event Title 43
3,Organizer 44,organizer_44@diems.com,0944936044,Event Title 44
4,Organizer 45,organizer_45@diems.com,0944936045,Event Title 45
5,Organizer 46,organizer_46@diems.com,0944936046,Event Title 46
6,Organizer 47,organizer_47@diems.com,0944936047,Event Title 47
7,Organizer 48,organizer_48@diems.com,0944936048,Event Title 48
8,Organizer 49,organizer_49@diems.com,0944936049,Event Title 49
9,Organizer 50,organizer_50@diems.com,0944936050,Event Title 50
10,Organizer 51,organizer_51@diems.com,0944936051,Event Title 51
11,Organizer 52,organizer_52@diems.com,0944936052,Event Title 52
12,Organizer 53,organizer_53@diems.com,0944936053,Event Title 53
13,Organizer 54,organizer_54@diems.com,0944936054,Event Title 54
14,Organizer 55,organizer_55@diems.com,0944936055,Event Title 55
15,Organizer 56,organizer_56@diems.com,0944936056,Event Title 56
16,Organizer 57,organizer_57@diems.com,0944936057,Event Title 57
17,Organizer 58,organizer_58@diems.com,0944936058,Event Title 58
18,Organizer 59,organizer_59@diems.com,0944936059,Event Title 59
19,Organizer 60,organizer_60@diems.com,0944936060,Event Title 60
20,Organizer 61,organizer_61@diems.com,0944936061,Event Title 61
21,Organizer 62,organizer_62@diems.com,0944936062,Event Title 62
22,Organizer 63,organizer_63@diems.com,0944936063,Event Title 63
23,Organizer 64,organizer_64@diems.com,0944936064,Event Title 64
24,Organizer 65,organizer_65@diems.com,0944936065,Event Title 65
25,Organizer 66,organizer_66@diems.com,0944936066,Event Title 66
26,Organizer 67,organizer_67@diems.com,0944936067,Event Title 67
27,Organizer 68,organizer_68@diems.com,0944936068,Event Title 68
28,Organizer 69,organizer_69@diems.com,0944936069,Event Title 69
29,Organizer 70,organizer_70@diems.com,0944936070,Event Title 70
30,Organizer 71,organizer_71@diems.com,0944936071,Event Title 71
31,Organizer 72,organizer_72@diems.com,0944936072,Event Title 72
32,Organizer 73,organizer_73@diems.com,0944936073,Event Title 73
33,Organizer 74,organizer_74@diems.com,0944936074,Event Title 74
34,Organizer 75,organizer_75@diems.com,0944936075,Event Title 75
35,Organizer 76,organizer_76@diems.com,0944936076,Event Title 76
36,Organizer 77,organizer_77@diems.com,0944936077,Event Title 77
37,Organizer 78,organizer_78@diems.com,0944936078,Event Title 78
38,Organizer 79,organizer_79@diems.com,0944936079,Event Title 79
39,Organizer 80,organizer_80@diems.com,0944936080,Event Title 80
40,Organizer 81,organizer_81@diems.com,0944936081,Event Title 81
41,Organizer 82,organizer_82@diems.com,0944936082,Event Title 82
1,Organizer 83,organizer_83@diems.com,0944936083,Event Title 83
2,Organizer 84,organizer_84@diems.com,0944936084,Event Title 84
3,Organizer 85,organizer_85@diems.com,0944936085,Event Title 85
4,Organizer 86,organizer_86@diems.com,0944936086,Event Title 86
5,Organizer 87,organizer_87@diems.com,0944936087,Event Title 87
6,Organizer 88,organizer_88@diems.com,0944936088,Event Title 88
7,Organizer 89,organizer_89@diems.com,0944936089,Event Title 89
8,Organizer 90,organizer_90@diems.com,0944936090,Event Title 90
9,Organizer 91,organizer_91@diems.com,0944936091,Event Title 91
10,Organizer 92,organizer_92@diems.com,0944936092,Event Title 92
11,Organizer 93,organizer_93@diems.com,0944936093,Event Title 93
12,Organizer 94,organizer_94@diems.com,0944936094,Event Title 94
13,Organizer 95,organizer_95@diems.com,0944936095,Event Title 95
14,Organizer 96,organizer_96@diems.com,0944936096,Event Title 96
15,Organizer 97,organizer_97@diems.com,0944936097,Event Title 97
16,Organizer 98,organizer_98@diems.com,0944936098,Event Title 98
17,Organizer 99,organizer_99@diems.com,0944936099,Event Title 99
18,Organizer 100,organizer_100@diems.com,0944936100,Event Title 100
