visitor_name,visitor_email,visitor_phone
Rawan 1,rawan_1@diems.com,0988770001
Rawan 2,rawan_2@diems.com,0988770002
Rawan 3,rawan_3@diems.com,0988770003
Rawan 4,rawan_4@diems.com,0988770004
Rawan 5,rawan_5@diems.com,0988770005
Rawan 6,rawan_6@diems.com,0988770006
Rawan 7,rawan_7@diems.com,0988770007
Rawan 8,rawan_8@diems.com,0988770008
Rawan 9,rawan_9@diems.com,0988770009
Rawan 10,rawan_10@diems.com,0988770010
Rawan 11,rawan_11@diems.com,0988770011
Rawan 12,rawan_12@diems.com,0988770012
Rawan 13,rawan_13@diems.com,0988770013
Rawan 14,rawan_14@diems.com,0988770014
Rawan 15,rawan_15@diems.com,0988770015
Rawan 16,rawan_16@diems.com,0988770016
Rawan 17,rawan_17@diems.com,0988770017
Rawan 18,rawan_18@diems.com,0988770018
Rawan 19,rawan_19@diems.com,0988770019
Rawan 20,rawan_20@diems.com,0988770020
Rawan 21,rawan_21@diems.com,0988770021
Rawan 22,rawan_22@diems.com,0988770022
Rawan 23,rawan_23@diems.com,0988770023
Rawan 24,rawan_24@diems.com,0988770024
Rawan 25,rawan_25@diems.com,0988770025
Rawan 26,rawan_26@diems.com,0988770026
Rawan 27,rawan_27@diems.com,0988770027
Rawan 28,rawan_28@diems.com,0988770028
Rawan 29,rawan_29@diems.com,0988770029
Rawan 30,rawan_30@diems.com,0988770030
Rawan 31,rawan_31@diems.com,0988770031
Rawan 32,rawan_32@diems.com,0988770032
Rawan 33,rawan_33@diems.com,0988770033
Rawan 34,rawan_34@diems.com,0988770034
Rawan 35,rawan_35@diems.com,0988770035
Rawan 36,rawan_36@diems.com,0988770036
Rawan 37,rawan_37@diems.com,0988770037
Rawan 38,rawan_38@diems.com,0988770038
Rawan 39,rawan_39@diems.com,0988770039
Rawan 40,rawan_40@diems.com,0988770040
Rawan 41,rawan_41@diems.com,0988770041
Rawan 42,rawan_42@diems.com,0988770042
Rawan 43,rawan_43@diems.com,0988770043
Rawan 44,rawan_44@diems.com,0988770044
Rawan 45,rawan_45@diems.com,0988770045
Rawan 46,rawan_46@diems.com,0988770046
Rawan 47,rawan_47@diems.com,0988770047
Rawan 48,rawan_48@diems.com,0988770048
Rawan 49,rawan_49@diems.com,0988770049
Rawan 50,rawan_50@diems.com,0988770050
Rawan 51,rawan_51@diems.com,0988770051
Rawan 52,rawan_52@diems.com,0988770052
Rawan 53,rawan_53@diems.com,0988770053
Rawan 54,rawan_54@diems.com,0988770054
Rawan 55,rawan_55@diems.com,0988770055
Rawan 56,rawan_56@diems.com,0988770056
Rawan 57,rawan_57@diems.com,0988770057
Rawan 58,rawan_58@diems.com,0988770058
Rawan 59,rawan_59@diems.com,0988770059
Rawan 60,rawan_60@diems.com,0988770060
Rawan 61,rawan_61@diems.com,0988770061
Rawan 62,rawan_62@diems.com,0988770062
Rawan 63,rawan_63@diems.com,0988770063
Rawan 64,rawan_64@diems.com,0988770064
Rawan 65,rawan_65@diems.com,0988770065
Rawan 66,rawan_66@diems.com,0988770066
Rawan 67,rawan_67@diems.com,0988770067
Rawan 68,rawan_68@diems.com,0988770068
Rawan 69,rawan_69@diems.com,0988770069
Rawan 70,rawan_70@diems.com,0988770070
Rawan 71,rawan_71@diems.com,0988770071
Rawan 72,rawan_72@diems.com,0988770072
Rawan 73,rawan_73@diems.com,0988770073
Rawan 74,rawan_74@diems.com,0988770074
Rawan 75,rawan_75@diems.com,0988770075
Rawan 76,rawan_76@diems.com,0988770076
Rawan 77,rawan_77@diems.com,0988770077
Rawan 78,rawan_78@diems.com,0988770078
Rawan 79,rawan_79@diems.com,0988770079
Rawan 80,rawan_80@diems.com,0988770080
Rawan 81,rawan_81@diems.com,0988770081
Rawan 82,rawan_82@diems.com,0988770082
Rawan 83,rawan_83@diems.com,0988770083
Rawan 84,rawan_84@diems.com,0988770084
Rawan 85,rawan_85@diems.com,0988770085
Rawan 86,rawan_86@diems.com,0988770086
Rawan 87,rawan_87@diems.com,0988770087
Rawan 88,rawan_88@diems.com,0988770088
Rawan 89,rawan_89@diems.com,0988770089
Rawan 90,rawan_90@diems.com,0988770090
Rawan 91,rawan_91@diems.com,0988770091
Rawan 92,rawan_92@diems.com,0988770092
Rawan 93,rawan_93@diems.com,0988770093
Rawan 94,rawan_94@diems.com,0988770094
Rawan 95,rawan_95@diems.com,0988770095
Rawan 96,rawan_96@diems.com,0988770096
Rawan 97,rawan_97@diems.com,0988770097
Rawan 98,rawan_98@diems.com,0988770098
Rawan 99,rawan_99@diems.com,0988770099
Rawan 100,rawan_100@diems.com,0988770100
